[
  {
    "id": "INC-2025-001",
    "type": "Fire",
    "severity": "Critical",
    "status": "Active",
    "location": "Downtown District, Sector 7",
    "coordinates": [40.7589, -73.9851],
    "description": "Major fire reported in commercial building",
    "reportedAt": "2025-11-04T08:15:00Z",
    "assignedTo": "Fire Department Unit 12",
    "affectedPopulation": 150,
    "estimatedDamage": "$500,000"
  },
  {
    "id": "INC-2025-002",
    "type": "Flood",
    "severity": "High",
    "status": "Active",
    "location": "Riverside Area, Zone 3",
    "coordinates": [40.7128, -74.0060],
    "description": "Flash flooding due to heavy rainfall",
    "reportedAt": "2025-11-04T07:30:00Z",
    "assignedTo": "Emergency Response Team A",
    "affectedPopulation": 320,
    "estimatedDamage": "$250,000"
  },
  {
    "id": "INC-2025-003",
    "type": "Earthquake",
    "severity": "Medium",
    "status": "Resolved",
    "location": "Northern Suburb, District 12",
    "coordinates": [40.7614, -73.9776],
    "description": "Minor tremors detected, 3.2 magnitude",
    "reportedAt": "2025-11-04T06:45:00Z",
    "assignedTo": "Structural Assessment Team",
    "affectedPopulation": 80,
    "estimatedDamage": "$50,000"
  },
  {
    "id": "INC-2025-004",
    "type": "Gas Leak",
    "severity": "Critical",
    "status": "Active",
    "location": "Industrial Park, Sector 9",
    "coordinates": [40.7489, -73.9680],
    "description": "Hazardous gas leak detected in factory",
    "reportedAt": "2025-11-04T08:45:00Z",
    "assignedTo": "Hazmat Team B",
    "affectedPopulation": 200,
    "estimatedDamage": "$800,000"
  },
  {
    "id": "INC-2025-005",
    "type": "Traffic Accident",
    "severity": "Medium",
    "status": "Pending",
    "location": "Highway 101, Mile 23",
    "coordinates": [40.7580, -73.9855],
    "description": "Multi-vehicle collision blocking lanes",
    "reportedAt": "2025-11-04T09:00:00Z",
    "assignedTo": "Traffic Control Unit 5",
    "affectedPopulation": 50,
    "estimatedDamage": "$75,000"
  },
  {
    "id": "INC-2025-006",
    "type": "Building Collapse",
    "severity": "High",
    "status": "Active",
    "location": "Old Town, Heritage Block",
    "coordinates": [40.7306, -73.9352],
    "description": "Partial building collapse, rescue operations ongoing",
    "reportedAt": "2025-11-04T08:00:00Z",
    "assignedTo": "Search & Rescue Team Alpha",
    "affectedPopulation": 25,
    "estimatedDamage": "$1,200,000"
  },
  {
    "id": "INC-2025-007",
    "type": "Power Outage",
    "severity": "Low",
    "status": "Pending",
    "location": "Suburban Area, Grid C4",
    "coordinates": [40.7410, -73.9898],
    "description": "Power outage affecting residential area",
    "reportedAt": "2025-11-04T09:15:00Z",
    "assignedTo": "Utility Repair Crew 3",
    "affectedPopulation": 500,
    "estimatedDamage": "$30,000"
  },
  {
    "id": "INC-2025-008",
    "type": "Chemical Spill",
    "severity": "High",
    "status": "Active",
    "location": "Port Area, Dock 7",
    "coordinates": [40.7069, -74.0113],
    "description": "Chemical spill from cargo container",
    "reportedAt": "2025-11-04T07:00:00Z",
    "assignedTo": "Environmental Response Unit",
    "affectedPopulation": 100,
    "estimatedDamage": "$400,000"
  }
]
