{
  "SENS-001": [
    { "timestamp": "2025-11-04T07:00:00Z", "value": 72.5 },
    { "timestamp": "2025-11-04T07:30:00Z", "value": 75.2 },
    { "timestamp": "2025-11-04T08:00:00Z", "value": 78.8 },
    { "timestamp": "2025-11-04T08:30:00Z", "value": 82.1 },
    { "timestamp": "2025-11-04T09:00:00Z", "value": 84.5 },
    { "timestamp": "2025-11-04T09:20:00Z", "value": 85.2 }
  ],
  "SENS-002": [
    { "timestamp": "2025-11-04T07:00:00Z", "value": 120 },
    { "timestamp": "2025-11-04T07:30:00Z", "value": 180 },
    { "timestamp": "2025-11-04T08:00:00Z", "value": 350 },
    { "timestamp": "2025-11-04T08:30:00Z", "value": 520 },
    { "timestamp": "2025-11-04T09:00:00Z", "value": 680 },
    { "timestamp": "2025-11-04T09:20:00Z", "value": 750 }
  ],
  "SENS-003": [
    { "timestamp": "2025-11-04T07:00:00Z", "value": 8.2 },
    { "timestamp": "2025-11-04T07:30:00Z", "value": 9.1 },
    { "timestamp": "2025-11-04T08:00:00Z", "value": 10.5 },
    { "timestamp": "2025-11-04T08:30:00Z", "value": 11.2 },
    { "timestamp": "2025-11-04T09:00:00Z", "value": 12.0 },
    { "timestamp": "2025-11-04T09:18:00Z", "value": 12.5 }
  ],
  "SENS-004": [
    { "timestamp": "2025-11-04T06:00:00Z", "value": 0.1 },
    { "timestamp": "2025-11-04T06:30:00Z", "value": 2.8 },
    { "timestamp": "2025-11-04T07:00:00Z", "value": 1.2 },
    { "timestamp": "2025-11-04T07:30:00Z", "value": 0.5 },
    { "timestamp": "2025-11-04T08:00:00Z", "value": 0.3 },
    { "timestamp": "2025-11-04T09:00:00Z", "value": 0.8 }
  ],
  "SENS-005": [
    { "timestamp": "2025-11-04T07:00:00Z", "value": 150 },
    { "timestamp": "2025-11-04T07:30:00Z", "value": 220 },
    { "timestamp": "2025-11-04T08:00:00Z", "value": 310 },
    { "timestamp": "2025-11-04T08:30:00Z", "value": 380 },
    { "timestamp": "2025-11-04T09:00:00Z", "value": 420 },
    { "timestamp": "2025-11-04T09:20:00Z", "value": 450 }
  ],
  "SENS-006": [
    { "timestamp": "2025-11-04T07:00:00Z", "value": 58 },
    { "timestamp": "2025-11-04T07:30:00Z", "value": 62 },
    { "timestamp": "2025-11-04T08:00:00Z", "value": 68 },
    { "timestamp": "2025-11-04T08:30:00Z", "value": 66 },
    { "timestamp": "2025-11-04T09:00:00Z", "value": 64 },
    { "timestamp": "2025-11-04T09:21:00Z", "value": 65 }
  ]
}
